{
  "project_info": {
    "project_number": "423459652487",
    "firebase_url": "https://taxiapp-7943d.firebaseio.com",
    "project_id": "taxiapp-7943d",
    "storage_bucket": "taxiapp-7943d.appspot.com"
  },
  "client": [
    {
      "client_info": {
        "mobilesdk_app_id": "1:423459652487:android:c6ef067c05d52ffd554922",
        "android_client_info": {
          "package_name": "ru.krus.taxiapp"
        }
      },
      "oauth_client": [
        {
          "client_id": "423459652487-g5ahhpvtn49u4b1ph83lhiosbojehs3h.apps.googleusercontent.com",
          "client_type": 1,
          "android_info": {
            "package_name": "ru.krus.taxiapp",
            "certificate_hash": "8d90be06b4ab3a3fa0dfda5bb793f5b8bb898a70"
          }
        },
        {
          "client_id": "423459652487-e85o5qj0a02ot776tvd1vt3vt5gee1uj.apps.googleusercontent.com",
          "client_type": 3
        }
      ],
      "api_key": [
        {
          "current_key": "AIzaSyDE2-Oq1uHkZPEpT4MKB1AZBQLHhVKxLGc"
        }
      ],
      "services": {
        "appinvite_service": {
          "other_platform_oauth_client": [
            {
              "client_id": "423459652487-e85o5qj0a02ot776tvd1vt3vt5gee1uj.apps.googleusercontent.com",
              "client_type": 3
            }
          ]
        }
      }
    }
  ],
  "configuration_version": "1"
}